"pheno","alpha_0.1","alpha_0.05"
"courtship",2.74375212118145,2.99017900663673
"mp_trial",2.75497579554511,3.09932486243891
"cp_trial",2.78058721689735,3.10858808384967
